id,slug,title,brand,category,sku,asin,price,first_release_time,copyright_owner,main_image,gallery_images,bullet1,bullet2,bullet3,bullet4,bullet5,status
1001,20n10-series-color-toner-cartridge-set-b0fx22sv25,ANGFAN 20N10 Series Color Toner Cartridge Set,ANGFAN,Electronic Products,AF-B0FX22SV25,B0FX22SV25,$0.00,2026/6/18,LUWANJUN,https://images-na.ssl-images-amazon.com/images/P/B0FX22SV25.01._SL500_.jpg,https://images-na.ssl-images-amazon.com/images/P/B0FX22SV25.01._SL500_.jpg|https://images-na.ssl-images-amazon.com/images/P/B0FX22SV25.02._SL500_.jpg|https://images-na.ssl-images-amazon.com/images/P/B0FX22SV25.03._SL500_.jpg|https://images-na.ssl-images-amazon.com/images/P/B0FX22SV25.04._SL500_.jpg,Compatible model series: 20N10 Series,Package option: 4-Pack; color: Color,Reliable toner formulation for clear text and sharp business documents,Built-in chip support where applicable for smooth printer recognition,Secure packaging helps protect the cartridge during storage and delivery,published
1002,20n10k0-black-toner-cartridge-b0fn3qkvdx,ANGFAN 20N10K0 Black Toner Cartridge,ANGFAN,Electronic Products,AF-B0FN3QKVDX,B0FN3QKVDX,$0.00,2026/6/18,LUWANJUN,https://images-na.ssl-images-amazon.com/images/P/B0FN3QKVDX.01._SL500_.jpg,https://images-na.ssl-images-amazon.com/images/P/B0FN3QKVDX.01._SL500_.jpg|https://images-na.ssl-images-amazon.com/images/P/B0FN3QKVDX.02._SL500_.jpg|https://images-na.ssl-images-amazon.com/images/P/B0FN3QKVDX.03._SL500_.jpg|https://images-na.ssl-images-amazon.com/images/P/B0FN3QKVDX.04._SL500_.jpg,Compatible model series: 20N10K0,Package option: 1-Pack; color: Black,Reliable toner formulation for clear text and sharp business documents,Built-in chip support where applicable for smooth printer recognition,Secure packaging helps protect the cartridge during storage and delivery,published
1003,20n10-series-toner-cartridge-set-b0cv83655c,ANGFAN 20N10 Series Toner Cartridge Set,ANGFAN,Electronic Products,AF-B0CV83655C,B0CV83655C,$0.00,2026/6/18,LUWANJUN,https://images-na.ssl-images-amazon.com/images/P/B0CV83655C.01._SL500_.jpg,https://images-na.ssl-images-amazon.com/images/P/B0CV83655C.01._SL500_.jpg|https://images-na.ssl-images-amazon.com/images/P/B0CV83655C.02._SL500_.jpg|https://images-na.ssl-images-amazon.com/images/P/B0CV83655C.03._SL500_.jpg|https://images-na.ssl-images-amazon.com/images/P/B0CV83655C.04._SL500_.jpg,Compatible model series: 20N10 Series,Package option: 4-Pack; color: Color,Reliable toner formulation for clear text and sharp business documents,Built-in chip support where applicable for smooth printer recognition,Secure packaging helps protect the cartridge during storage and delivery,published
1004,20n1hk0-high-yield-black-toner-cartridge-b0fdqglsp8,ANGFAN 20N1HK0 High-Yield Black Toner Cartridge,ANGFAN,Electronic Products,AF-B0FDQGLSP8,B0FDQGLSP8,$0.00,2026/6/18,LUWANJUN,https://images-na.ssl-images-amazon.com/images/P/B0FDQGLSP8.01._SL500_.jpg,https://images-na.ssl-images-amazon.com/images/P/B0FDQGLSP8.01._SL500_.jpg|https://images-na.ssl-images-amazon.com/images/P/B0FDQGLSP8.02._SL500_.jpg|https://images-na.ssl-images-amazon.com/images/P/B0FDQGLSP8.03._SL500_.jpg|https://images-na.ssl-images-amazon.com/images/P/B0FDQGLSP8.04._SL500_.jpg,Compatible model series: 20N1HK0,Package option: 1-Pack; color: Black,Reliable toner formulation for clear text and sharp business documents,Built-in chip support where applicable for smooth printer recognition,Secure packaging helps protect the cartridge during storage and delivery,published
1005,20n10-series-color-toner-cartridge-combo-b0fn3qn5jy,ANGFAN 20N10 Series Color Toner Cartridge Combo,ANGFAN,Electronic Products,AF-B0FN3QN5JY,B0FN3QN5JY,$0.00,2026/6/18,LUWANJUN,https://images-na.ssl-images-amazon.com/images/P/B0FN3QN5JY.01._SL500_.jpg,https://images-na.ssl-images-amazon.com/images/P/B0FN3QN5JY.01._SL500_.jpg|https://images-na.ssl-images-amazon.com/images/P/B0FN3QN5JY.02._SL500_.jpg|https://images-na.ssl-images-amazon.com/images/P/B0FN3QN5JY.03._SL500_.jpg|https://images-na.ssl-images-amazon.com/images/P/B0FN3QN5JY.04._SL500_.jpg,Compatible model series: 20N10 Series,Package option: 4-Pack; color: Color,Reliable toner formulation for clear text and sharp business documents,Built-in chip support where applicable for smooth printer recognition,Secure packaging helps protect the cartridge during storage and delivery,published
1006,c230-c235-high-yield-toner-cartridge-set-b0fmcs1k63,ANGFAN C230 C235 High-Yield Toner Cartridge Set,ANGFAN,Electronic Products,AF-B0FMCS1K63,B0FMCS1K63,$0.00,2026/6/18,LUWANJUN,https://images-na.ssl-images-amazon.com/images/P/B0FMCS1K63.01._SL500_.jpg,https://images-na.ssl-images-amazon.com/images/P/B0FMCS1K63.01._SL500_.jpg|https://images-na.ssl-images-amazon.com/images/P/B0FMCS1K63.02._SL500_.jpg|https://images-na.ssl-images-amazon.com/images/P/B0FMCS1K63.03._SL500_.jpg|https://images-na.ssl-images-amazon.com/images/P/B0FMCS1K63.04._SL500_.jpg,Compatible model series: C230 C235,Package option: 4-Pack; color: Color,Reliable toner formulation for clear text and sharp business documents,Built-in chip support where applicable for smooth printer recognition,Secure packaging helps protect the cartridge during storage and delivery,published
1007,c230-c235-high-yield-toner-cartridge-set-b0dxkt92m7,ANGFAN C230 C235 High-Yield Toner Cartridge Set,ANGFAN,Electronic Products,AF-B0DXKT92M7,B0DXKT92M7,$0.00,2026/6/18,LUWANJUN,https://images-na.ssl-images-amazon.com/images/P/B0DXKT92M7.01._SL500_.jpg,https://images-na.ssl-images-amazon.com/images/P/B0DXKT92M7.01._SL500_.jpg|https://images-na.ssl-images-amazon.com/images/P/B0DXKT92M7.02._SL500_.jpg|https://images-na.ssl-images-amazon.com/images/P/B0DXKT92M7.03._SL500_.jpg|https://images-na.ssl-images-amazon.com/images/P/B0DXKT92M7.04._SL500_.jpg,Compatible model series: C230 C235,Package option: 4-Pack; color: Color,Reliable toner formulation for clear text and sharp business documents,Built-in chip support where applicable for smooth printer recognition,Secure packaging helps protect the cartridge during storage and delivery,published
1008,c230-c235-toner-cartridge-replacement-set-b0dgxs64gb,ANGFAN C230 C235 Toner Cartridge Replacement Set,ANGFAN,Electronic Products,AF-B0DGXS64GB,B0DGXS64GB,$0.00,2026/6/18,LUWANJUN,https://images-na.ssl-images-amazon.com/images/P/B0DGXS64GB.01._SL500_.jpg,https://images-na.ssl-images-amazon.com/images/P/B0DGXS64GB.01._SL500_.jpg|https://images-na.ssl-images-amazon.com/images/P/B0DGXS64GB.02._SL500_.jpg|https://images-na.ssl-images-amazon.com/images/P/B0DGXS64GB.03._SL500_.jpg|https://images-na.ssl-images-amazon.com/images/P/B0DGXS64GB.04._SL500_.jpg,Compatible model series: C230 C235,Package option: 4-Pack; color: Color,Reliable toner formulation for clear text and sharp business documents,Built-in chip support where applicable for smooth printer recognition,Secure packaging helps protect the cartridge during storage and delivery,published
1009,c230-c235-c225-toner-cartridge-set-b0dl3132cs,ANGFAN C230 C235 C225 Toner Cartridge Set,ANGFAN,Electronic Products,AF-B0DL3132CS,B0DL3132CS,$0.00,2026/6/18,LUWANJUN,https://images-na.ssl-images-amazon.com/images/P/B0DL3132CS.01._SL500_.jpg,https://images-na.ssl-images-amazon.com/images/P/B0DL3132CS.01._SL500_.jpg|https://images-na.ssl-images-amazon.com/images/P/B0DL3132CS.02._SL500_.jpg|https://images-na.ssl-images-amazon.com/images/P/B0DL3132CS.03._SL500_.jpg|https://images-na.ssl-images-amazon.com/images/P/B0DL3132CS.04._SL500_.jpg,Compatible model series: C230 C235 C225,Package option: 4-Pack; color: Color,Reliable toner formulation for clear text and sharp business documents,Built-in chip support where applicable for smooth printer recognition,Secure packaging helps protect the cartridge during storage and delivery,published
1010,c230-c235-black-toner-cartridge-b0drvlm8qx,ANGFAN C230 C235 Black Toner Cartridge,ANGFAN,Electronic Products,AF-B0DRVLM8QX,B0DRVLM8QX,$0.00,2026/6/18,LUWANJUN,https://images-na.ssl-images-amazon.com/images/P/B0DRVLM8QX.01._SL500_.jpg,https://images-na.ssl-images-amazon.com/images/P/B0DRVLM8QX.01._SL500_.jpg|https://images-na.ssl-images-amazon.com/images/P/B0DRVLM8QX.02._SL500_.jpg|https://images-na.ssl-images-amazon.com/images/P/B0DRVLM8QX.03._SL500_.jpg|https://images-na.ssl-images-amazon.com/images/P/B0DRVLM8QX.04._SL500_.jpg,Compatible model series: C230 C235,Package option: 1-Pack; color: Black,Reliable toner formulation for clear text and sharp business documents,Built-in chip support where applicable for smooth printer recognition,Secure packaging helps protect the cartridge during storage and delivery,published
1011,c230-c235-toner-cartridge-replacement-set-b0dpfzx2g4,ANGFAN C230 C235 Toner Cartridge Replacement Set,ANGFAN,Electronic Products,AF-B0DPFZX2G4,B0DPFZX2G4,$0.00,2026/6/18,LUWANJUN,https://images-na.ssl-images-amazon.com/images/P/B0DPFZX2G4.01._SL500_.jpg,https://images-na.ssl-images-amazon.com/images/P/B0DPFZX2G4.01._SL500_.jpg|https://images-na.ssl-images-amazon.com/images/P/B0DPFZX2G4.02._SL500_.jpg|https://images-na.ssl-images-amazon.com/images/P/B0DPFZX2G4.03._SL500_.jpg|https://images-na.ssl-images-amazon.com/images/P/B0DPFZX2G4.04._SL500_.jpg,Compatible model series: C230 C235,Package option: 4-Pack; color: Color,Reliable toner formulation for clear text and sharp business documents,Built-in chip support where applicable for smooth printer recognition,Secure packaging helps protect the cartridge during storage and delivery,published
1012,c230-c235-toner-cartridge-replacement-set-b0fvsfjx67,ANGFAN C230 C235 Toner Cartridge Replacement Set,ANGFAN,Electronic Products,AF-B0FVSFJX67,B0FVSFJX67,$0.00,2026/6/18,LUWANJUN,https://images-na.ssl-images-amazon.com/images/P/B0FVSFJX67.01._SL500_.jpg,https://images-na.ssl-images-amazon.com/images/P/B0FVSFJX67.01._SL500_.jpg|https://images-na.ssl-images-amazon.com/images/P/B0FVSFJX67.02._SL500_.jpg|https://images-na.ssl-images-amazon.com/images/P/B0FVSFJX67.03._SL500_.jpg|https://images-na.ssl-images-amazon.com/images/P/B0FVSFJX67.04._SL500_.jpg,Compatible model series: C230 C235,Package option: 4-Pack; color: Color,Reliable toner formulation for clear text and sharp business documents,Built-in chip support where applicable for smooth printer recognition,Secure packaging helps protect the cartridge during storage and delivery,published
1013,c230-c235-toner-cartridge-with-chip-b0dlc5cl51,ANGFAN C230 C235 Toner Cartridge with Chip,ANGFAN,Electronic Products,AF-B0DLC5CL51,B0DLC5CL51,$0.00,2026/6/18,LUWANJUN,https://images-na.ssl-images-amazon.com/images/P/B0DLC5CL51.01._SL500_.jpg,https://images-na.ssl-images-amazon.com/images/P/B0DLC5CL51.01._SL500_.jpg|https://images-na.ssl-images-amazon.com/images/P/B0DLC5CL51.02._SL500_.jpg|https://images-na.ssl-images-amazon.com/images/P/B0DLC5CL51.03._SL500_.jpg|https://images-na.ssl-images-amazon.com/images/P/B0DLC5CL51.04._SL500_.jpg,Compatible model series: C230 C235,Package option: 1-Pack; color: Black,Reliable toner formulation for clear text and sharp business documents,Built-in chip support where applicable for smooth printer recognition,Secure packaging helps protect the cartridge during storage and delivery,published
1014,c230-c235-toner-cartridge-replacement-set-b0gxtpr2z8,ANGFAN C230 C235 Toner Cartridge Replacement Set,ANGFAN,Electronic Products,AF-B0GXTPR2Z8,B0GXTPR2Z8,$0.00,2026/6/18,LUWANJUN,https://images-na.ssl-images-amazon.com/images/P/B0GXTPR2Z8.01._SL500_.jpg,https://images-na.ssl-images-amazon.com/images/P/B0GXTPR2Z8.01._SL500_.jpg|https://images-na.ssl-images-amazon.com/images/P/B0GXTPR2Z8.02._SL500_.jpg|https://images-na.ssl-images-amazon.com/images/P/B0GXTPR2Z8.03._SL500_.jpg|https://images-na.ssl-images-amazon.com/images/P/B0GXTPR2Z8.04._SL500_.jpg,Compatible model series: C230 C235,Package option: 4-Pack; color: Color,Reliable toner formulation for clear text and sharp business documents,Built-in chip support where applicable for smooth printer recognition,Secure packaging helps protect the cartridge during storage and delivery,published
1015,c230-c235-high-capacity-toner-cartridge-set-b0g1wv596v,ANGFAN C230 C235 High-Capacity Toner Cartridge Set,ANGFAN,Electronic Products,AF-B0G1WV596V,B0G1WV596V,$0.00,2026/6/18,LUWANJUN,https://images-na.ssl-images-amazon.com/images/P/B0G1WV596V.01._SL500_.jpg,https://images-na.ssl-images-amazon.com/images/P/B0G1WV596V.01._SL500_.jpg|https://images-na.ssl-images-amazon.com/images/P/B0G1WV596V.02._SL500_.jpg|https://images-na.ssl-images-amazon.com/images/P/B0G1WV596V.03._SL500_.jpg|https://images-na.ssl-images-amazon.com/images/P/B0G1WV596V.04._SL500_.jpg,Compatible model series: C230 C235,Package option: 4-Pack; color: Color,Reliable toner formulation for clear text and sharp business documents,Built-in chip support where applicable for smooth printer recognition,Secure packaging helps protect the cartridge during storage and delivery,published
1016,c230-c235-toner-cartridge-replacement-set-b0dnz2jtct,ANGFAN C230 C235 Toner Cartridge Replacement Set,ANGFAN,Electronic Products,AF-B0DNZ2JTCT,B0DNZ2JTCT,$0.00,2026/6/18,LUWANJUN,https://images-na.ssl-images-amazon.com/images/P/B0DNZ2JTCT.01._SL500_.jpg,https://images-na.ssl-images-amazon.com/images/P/B0DNZ2JTCT.01._SL500_.jpg|https://images-na.ssl-images-amazon.com/images/P/B0DNZ2JTCT.02._SL500_.jpg|https://images-na.ssl-images-amazon.com/images/P/B0DNZ2JTCT.03._SL500_.jpg|https://images-na.ssl-images-amazon.com/images/P/B0DNZ2JTCT.04._SL500_.jpg,Compatible model series: C230 C235,Package option: 4-Pack; color: Color,Reliable toner formulation for clear text and sharp business documents,Built-in chip support where applicable for smooth printer recognition,Secure packaging helps protect the cartridge during storage and delivery,published
1017,b230-b225-b235-black-toner-cartridge-b0dl6ddckr,ANGFAN B230 B225 B235 Black Toner Cartridge,ANGFAN,Electronic Products,AF-B0DL6DDCKR,B0DL6DDCKR,$0.00,2026/6/18,LUWANJUN,https://images-na.ssl-images-amazon.com/images/P/B0DL6DDCKR.01._SL500_.jpg,https://images-na.ssl-images-amazon.com/images/P/B0DL6DDCKR.01._SL500_.jpg|https://images-na.ssl-images-amazon.com/images/P/B0DL6DDCKR.02._SL500_.jpg|https://images-na.ssl-images-amazon.com/images/P/B0DL6DDCKR.03._SL500_.jpg|https://images-na.ssl-images-amazon.com/images/P/B0DL6DDCKR.04._SL500_.jpg,Compatible model series: B230 B225 B235,Package option: 1-Pack; color: Black,Reliable toner formulation for clear text and sharp business documents,Built-in chip support where applicable for smooth printer recognition,Secure packaging helps protect the cartridge during storage and delivery,published
1018,56f1h00-high-yield-black-toner-cartridge-b0drfpv2j8,ANGFAN 56F1H00 High-Yield Black Toner Cartridge,ANGFAN,Electronic Products,AF-B0DRFPV2J8,B0DRFPV2J8,$0.00,2026/6/18,LUWANJUN,https://images-na.ssl-images-amazon.com/images/P/B0DRFPV2J8.01._SL500_.jpg,https://images-na.ssl-images-amazon.com/images/P/B0DRFPV2J8.01._SL500_.jpg|https://images-na.ssl-images-amazon.com/images/P/B0DRFPV2J8.02._SL500_.jpg|https://images-na.ssl-images-amazon.com/images/P/B0DRFPV2J8.03._SL500_.jpg|https://images-na.ssl-images-amazon.com/images/P/B0DRFPV2J8.04._SL500_.jpg,Compatible model series: 56F1H00,Package option: 1-Pack; color: Black,Reliable toner formulation for clear text and sharp business documents,Built-in chip support where applicable for smooth printer recognition,Secure packaging helps protect the cartridge during storage and delivery,published
1019,b341h00-black-toner-cartridge-b0dxbsh6pt,ANGFAN B341H00 Black Toner Cartridge,ANGFAN,Electronic Products,AF-B0DXBSH6PT,B0DXBSH6PT,$0.00,2026/6/18,LUWANJUN,https://images-na.ssl-images-amazon.com/images/P/B0DXBSH6PT.01._SL500_.jpg,https://images-na.ssl-images-amazon.com/images/P/B0DXBSH6PT.01._SL500_.jpg|https://images-na.ssl-images-amazon.com/images/P/B0DXBSH6PT.02._SL500_.jpg|https://images-na.ssl-images-amazon.com/images/P/B0DXBSH6PT.03._SL500_.jpg|https://images-na.ssl-images-amazon.com/images/P/B0DXBSH6PT.04._SL500_.jpg,Compatible model series: B341H00,Package option: 1-Pack; color: Black,Reliable toner formulation for clear text and sharp business documents,Built-in chip support where applicable for smooth printer recognition,Secure packaging helps protect the cartridge during storage and delivery,published
1020,56f1h00-black-toner-cartridge-b0dqcwlfv3,ANGFAN 56F1H00 Black Toner Cartridge,ANGFAN,Electronic Products,AF-B0DQCWLFV3,B0DQCWLFV3,$0.00,2026/6/18,LUWANJUN,https://images-na.ssl-images-amazon.com/images/P/B0DQCWLFV3.01._SL500_.jpg,https://images-na.ssl-images-amazon.com/images/P/B0DQCWLFV3.01._SL500_.jpg|https://images-na.ssl-images-amazon.com/images/P/B0DQCWLFV3.02._SL500_.jpg|https://images-na.ssl-images-amazon.com/images/P/B0DQCWLFV3.03._SL500_.jpg|https://images-na.ssl-images-amazon.com/images/P/B0DQCWLFV3.04._SL500_.jpg,Compatible model series: 56F1H00,Package option: 1-Pack; color: Black,Reliable toner formulation for clear text and sharp business documents,Built-in chip support where applicable for smooth printer recognition,Secure packaging helps protect the cartridge during storage and delivery,published
1021,56f1h00-black-toner-cartridge-with-chip-b0dk5j9dq1,ANGFAN 56F1H00 Black Toner Cartridge with Chip,ANGFAN,Electronic Products,AF-B0DK5J9DQ1,B0DK5J9DQ1,$0.00,2026/6/18,LUWANJUN,https://images-na.ssl-images-amazon.com/images/P/B0DK5J9DQ1.01._SL500_.jpg,https://images-na.ssl-images-amazon.com/images/P/B0DK5J9DQ1.01._SL500_.jpg|https://images-na.ssl-images-amazon.com/images/P/B0DK5J9DQ1.02._SL500_.jpg|https://images-na.ssl-images-amazon.com/images/P/B0DK5J9DQ1.03._SL500_.jpg|https://images-na.ssl-images-amazon.com/images/P/B0DK5J9DQ1.04._SL500_.jpg,Compatible model series: 56F1H00,Package option: 1-Pack; color: Black,Reliable toner formulation for clear text and sharp business documents,Built-in chip support where applicable for smooth printer recognition,Secure packaging helps protect the cartridge during storage and delivery,published
1022,56f1000-black-toner-cartridge-b0f6cjwpyp,ANGFAN 56F1000 Black Toner Cartridge,ANGFAN,Electronic Products,AF-B0F6CJWPYP,B0F6CJWPYP,$0.00,2026/6/18,LUWANJUN,https://images-na.ssl-images-amazon.com/images/P/B0F6CJWPYP.01._SL500_.jpg,https://images-na.ssl-images-amazon.com/images/P/B0F6CJWPYP.01._SL500_.jpg|https://images-na.ssl-images-amazon.com/images/P/B0F6CJWPYP.02._SL500_.jpg|https://images-na.ssl-images-amazon.com/images/P/B0F6CJWPYP.03._SL500_.jpg|https://images-na.ssl-images-amazon.com/images/P/B0F6CJWPYP.04._SL500_.jpg,Compatible model series: 56F1000,Package option: 1-Pack; color: Black,Reliable toner formulation for clear text and sharp business documents,Built-in chip support where applicable for smooth printer recognition,Secure packaging helps protect the cartridge during storage and delivery,published
1023,56f1h00-black-toner-cartridge-b0g2xgbsrc,ANGFAN 56F1H00 Black Toner Cartridge,ANGFAN,Electronic Products,AF-B0G2XGBSRC,B0G2XGBSRC,$0.00,2026/6/18,LUWANJUN,https://images-na.ssl-images-amazon.com/images/P/B0G2XGBSRC.01._SL500_.jpg,https://images-na.ssl-images-amazon.com/images/P/B0G2XGBSRC.01._SL500_.jpg|https://images-na.ssl-images-amazon.com/images/P/B0G2XGBSRC.02._SL500_.jpg|https://images-na.ssl-images-amazon.com/images/P/B0G2XGBSRC.03._SL500_.jpg|https://images-na.ssl-images-amazon.com/images/P/B0G2XGBSRC.04._SL500_.jpg,Compatible model series: 56F1H00,Package option: 1-Pack; color: Black,Reliable toner formulation for clear text and sharp business documents,Built-in chip support where applicable for smooth printer recognition,Secure packaging helps protect the cartridge during storage and delivery,published
1024,56f1h00-black-toner-cartridge-b0dqnbbv24,ANGFAN 56F1H00 Black Toner Cartridge,ANGFAN,Electronic Products,AF-B0DQNBBV24,B0DQNBBV24,$0.00,2026/6/18,LUWANJUN,https://images-na.ssl-images-amazon.com/images/P/B0DQNBBV24.01._SL500_.jpg,https://images-na.ssl-images-amazon.com/images/P/B0DQNBBV24.01._SL500_.jpg|https://images-na.ssl-images-amazon.com/images/P/B0DQNBBV24.02._SL500_.jpg|https://images-na.ssl-images-amazon.com/images/P/B0DQNBBV24.03._SL500_.jpg|https://images-na.ssl-images-amazon.com/images/P/B0DQNBBV24.04._SL500_.jpg,Compatible model series: 56F1H00,Package option: 1-Pack; color: Black,Reliable toner formulation for clear text and sharp business documents,Built-in chip support where applicable for smooth printer recognition,Secure packaging helps protect the cartridge during storage and delivery,published
1025,56f1h00-black-toner-cartridge-b0f1xyhf76,ANGFAN 56F1H00 Black Toner Cartridge,ANGFAN,Electronic Products,AF-B0F1XYHF76,B0F1XYHF76,$0.00,2026/6/18,LUWANJUN,https://images-na.ssl-images-amazon.com/images/P/B0F1XYHF76.01._SL500_.jpg,https://images-na.ssl-images-amazon.com/images/P/B0F1XYHF76.01._SL500_.jpg|https://images-na.ssl-images-amazon.com/images/P/B0F1XYHF76.02._SL500_.jpg|https://images-na.ssl-images-amazon.com/images/P/B0F1XYHF76.03._SL500_.jpg|https://images-na.ssl-images-amazon.com/images/P/B0F1XYHF76.04._SL500_.jpg,Compatible model series: 56F1H00,Package option: 1-Pack; color: Black,Reliable toner formulation for clear text and sharp business documents,Built-in chip support where applicable for smooth printer recognition,Secure packaging helps protect the cartridge during storage and delivery,published
1026,printer-toner-cartridge-replacement-b0f483fvh6,ANGFAN Printer Toner Cartridge Replacement,ANGFAN,Electronic Products,AF-B0F483FVH6,B0F483FVH6,$0.00,2026/6/18,LUWANJUN,https://images-na.ssl-images-amazon.com/images/P/B0F483FVH6.01._SL500_.jpg,https://images-na.ssl-images-amazon.com/images/P/B0F483FVH6.01._SL500_.jpg|https://images-na.ssl-images-amazon.com/images/P/B0F483FVH6.02._SL500_.jpg|https://images-na.ssl-images-amazon.com/images/P/B0F483FVH6.03._SL500_.jpg|https://images-na.ssl-images-amazon.com/images/P/B0F483FVH6.04._SL500_.jpg,Compatible model series: Printer Toner,Package option: 1-Pack; color: Black,Reliable toner formulation for clear text and sharp business documents,Built-in chip support where applicable for smooth printer recognition,Secure packaging helps protect the cartridge during storage and delivery,published
1027,c3210k0-black-toner-cartridge-b0grn41zqb,ANGFAN C3210K0 Black Toner Cartridge,ANGFAN,Electronic Products,AF-B0GRN41ZQB,B0GRN41ZQB,$0.00,2026/6/18,LUWANJUN,https://images-na.ssl-images-amazon.com/images/P/B0GRN41ZQB.01._SL500_.jpg,https://images-na.ssl-images-amazon.com/images/P/B0GRN41ZQB.01._SL500_.jpg|https://images-na.ssl-images-amazon.com/images/P/B0GRN41ZQB.02._SL500_.jpg|https://images-na.ssl-images-amazon.com/images/P/B0GRN41ZQB.03._SL500_.jpg|https://images-na.ssl-images-amazon.com/images/P/B0GRN41ZQB.04._SL500_.jpg,Compatible model series: C3210K0 C320 C325,Package option: 1-Pack; color: Black,Reliable toner formulation for clear text and sharp business documents,Built-in chip support where applicable for smooth printer recognition,Secure packaging helps protect the cartridge during storage and delivery,published
1028,58d1h00-high-yield-black-toner-cartridge-b0f3j963ff,ANGFAN 58D1H00 High-Yield Black Toner Cartridge,ANGFAN,Electronic Products,AF-B0F3J963FF,B0F3J963FF,$0.00,2026/6/18,LUWANJUN,https://images-na.ssl-images-amazon.com/images/P/B0F3J963FF.01._SL500_.jpg,https://images-na.ssl-images-amazon.com/images/P/B0F3J963FF.01._SL500_.jpg|https://images-na.ssl-images-amazon.com/images/P/B0F3J963FF.02._SL500_.jpg|https://images-na.ssl-images-amazon.com/images/P/B0F3J963FF.03._SL500_.jpg|https://images-na.ssl-images-amazon.com/images/P/B0F3J963FF.04._SL500_.jpg,Compatible model series: 58D1H00,Package option: 1-Pack; color: Black,Reliable toner formulation for clear text and sharp business documents,Built-in chip support where applicable for smooth printer recognition,Secure packaging helps protect the cartridge during storage and delivery,published
1029,6500-6505-color-toner-cartridge-set-b0d63gdl8y,ANGFAN 6500 6505 Color Toner Cartridge Set,ANGFAN,Electronic Products,AF-B0D63GDL8Y,B0D63GDL8Y,$0.00,2026/6/18,LUWANJUN,https://images-na.ssl-images-amazon.com/images/P/B0D63GDL8Y.01._SL500_.jpg,https://images-na.ssl-images-amazon.com/images/P/B0D63GDL8Y.01._SL500_.jpg|https://images-na.ssl-images-amazon.com/images/P/B0D63GDL8Y.02._SL500_.jpg|https://images-na.ssl-images-amazon.com/images/P/B0D63GDL8Y.03._SL500_.jpg|https://images-na.ssl-images-amazon.com/images/P/B0D63GDL8Y.04._SL500_.jpg,Compatible model series: 6500 6505,Package option: 4-Pack; color: Color,Reliable toner formulation for clear text and sharp business documents,Built-in chip support where applicable for smooth printer recognition,Secure packaging helps protect the cartridge during storage and delivery,published
1030,c8030-c8035-high-capacity-black-toner-cartridge-b0dgdc88vb,ANGFAN C8030 C8035 High-Capacity Black Toner Cartridge,ANGFAN,Electronic Products,AF-B0DGDC88VB,B0DGDC88VB,$0.00,2026/6/18,LUWANJUN,https://images-na.ssl-images-amazon.com/images/P/B0DGDC88VB.01._SL500_.jpg,https://images-na.ssl-images-amazon.com/images/P/B0DGDC88VB.01._SL500_.jpg|https://images-na.ssl-images-amazon.com/images/P/B0DGDC88VB.02._SL500_.jpg|https://images-na.ssl-images-amazon.com/images/P/B0DGDC88VB.03._SL500_.jpg|https://images-na.ssl-images-amazon.com/images/P/B0DGDC88VB.04._SL500_.jpg,Compatible model series: C8030 C8035,Package option: 1-Pack; color: Black,Reliable toner formulation for clear text and sharp business documents,Built-in chip support where applicable for smooth printer recognition,Secure packaging helps protect the cartridge during storage and delivery,published
1031,c320-c325-yellow-toner-cartridge-b0gkyf6w45,ANGFAN C320 C325 Yellow Toner Cartridge,ANGFAN,Electronic Products,AF-B0GKYF6W45,B0GKYF6W45,$0.00,2026/6/18,LUWANJUN,https://images-na.ssl-images-amazon.com/images/P/B0GKYF6W45.01._SL500_.jpg,https://images-na.ssl-images-amazon.com/images/P/B0GKYF6W45.01._SL500_.jpg|https://images-na.ssl-images-amazon.com/images/P/B0GKYF6W45.02._SL500_.jpg|https://images-na.ssl-images-amazon.com/images/P/B0GKYF6W45.03._SL500_.jpg|https://images-na.ssl-images-amazon.com/images/P/B0GKYF6W45.04._SL500_.jpg,Compatible model series: C320 C325,Package option: 1-Pack; color: Yellow,Reliable toner formulation for clear text and sharp business documents,Built-in chip support where applicable for smooth printer recognition,Secure packaging helps protect the cartridge during storage and delivery,published
1032,55b1000-black-toner-cartridge-b0f65p6gk9,ANGFAN 55B1000 Black Toner Cartridge,ANGFAN,Electronic Products,AF-B0F65P6GK9,B0F65P6GK9,$0.00,2026/6/18,LUWANJUN,https://images-na.ssl-images-amazon.com/images/P/B0F65P6GK9.01._SL500_.jpg,https://images-na.ssl-images-amazon.com/images/P/B0F65P6GK9.01._SL500_.jpg|https://images-na.ssl-images-amazon.com/images/P/B0F65P6GK9.02._SL500_.jpg|https://images-na.ssl-images-amazon.com/images/P/B0F65P6GK9.03._SL500_.jpg|https://images-na.ssl-images-amazon.com/images/P/B0F65P6GK9.04._SL500_.jpg,Compatible model series: 55B1000,Package option: 1-Pack; color: Black,Reliable toner formulation for clear text and sharp business documents,Built-in chip support where applicable for smooth printer recognition,Secure packaging helps protect the cartridge during storage and delivery,published
1033,58d1h00-high-yield-black-toner-cartridge-b0g7gdtg36,ANGFAN 58D1H00 High-Yield Black Toner Cartridge,ANGFAN,Electronic Products,AF-B0G7GDTG36,B0G7GDTG36,$0.00,2026/6/18,LUWANJUN,https://images-na.ssl-images-amazon.com/images/P/B0G7GDTG36.01._SL500_.jpg,https://images-na.ssl-images-amazon.com/images/P/B0G7GDTG36.01._SL500_.jpg|https://images-na.ssl-images-amazon.com/images/P/B0G7GDTG36.02._SL500_.jpg|https://images-na.ssl-images-amazon.com/images/P/B0G7GDTG36.03._SL500_.jpg|https://images-na.ssl-images-amazon.com/images/P/B0G7GDTG36.04._SL500_.jpg,Compatible model series: 58D1H00,Package option: 1-Pack; color: Black,Reliable toner formulation for clear text and sharp business documents,Built-in chip support where applicable for smooth printer recognition,Secure packaging helps protect the cartridge during storage and delivery,published
1034,58d1h00-high-yield-black-toner-cartridge-b0f2tfdk27,ANGFAN 58D1H00 High-Yield Black Toner Cartridge,ANGFAN,Electronic Products,AF-B0F2TFDK27,B0F2TFDK27,$0.00,2026/6/18,LUWANJUN,https://images-na.ssl-images-amazon.com/images/P/B0F2TFDK27.01._SL500_.jpg,https://images-na.ssl-images-amazon.com/images/P/B0F2TFDK27.01._SL500_.jpg|https://images-na.ssl-images-amazon.com/images/P/B0F2TFDK27.02._SL500_.jpg|https://images-na.ssl-images-amazon.com/images/P/B0F2TFDK27.03._SL500_.jpg|https://images-na.ssl-images-amazon.com/images/P/B0F2TFDK27.04._SL500_.jpg,Compatible model series: 58D1H00,Package option: 1-Pack; color: Black,Reliable toner formulation for clear text and sharp business documents,Built-in chip support where applicable for smooth printer recognition,Secure packaging helps protect the cartridge during storage and delivery,published
1035,58d1h00-high-yield-black-toner-cartridge-b0dq3qrh11,ANGFAN 58D1H00 High-Yield Black Toner Cartridge,ANGFAN,Electronic Products,AF-B0DQ3QRH11,B0DQ3QRH11,$0.00,2026/6/18,LUWANJUN,https://images-na.ssl-images-amazon.com/images/P/B0DQ3QRH11.01._SL500_.jpg,https://images-na.ssl-images-amazon.com/images/P/B0DQ3QRH11.01._SL500_.jpg|https://images-na.ssl-images-amazon.com/images/P/B0DQ3QRH11.02._SL500_.jpg|https://images-na.ssl-images-amazon.com/images/P/B0DQ3QRH11.03._SL500_.jpg|https://images-na.ssl-images-amazon.com/images/P/B0DQ3QRH11.04._SL500_.jpg,Compatible model series: 58D1H00,Package option: 1-Pack; color: Black,Reliable toner formulation for clear text and sharp business documents,Built-in chip support where applicable for smooth printer recognition,Secure packaging helps protect the cartridge during storage and delivery,published
1036,58d1h00-high-yield-black-toner-cartridge-2-pack-b0f2tgxkl6,ANGFAN 58D1H00 High-Yield Black Toner Cartridge 2-Pack,ANGFAN,Electronic Products,AF-B0F2TGXKL6,B0F2TGXKL6,$0.00,2026/6/18,LUWANJUN,https://images-na.ssl-images-amazon.com/images/P/B0F2TGXKL6.01._SL500_.jpg,https://images-na.ssl-images-amazon.com/images/P/B0F2TGXKL6.01._SL500_.jpg|https://images-na.ssl-images-amazon.com/images/P/B0F2TGXKL6.02._SL500_.jpg|https://images-na.ssl-images-amazon.com/images/P/B0F2TGXKL6.03._SL500_.jpg|https://images-na.ssl-images-amazon.com/images/P/B0F2TGXKL6.04._SL500_.jpg,Compatible model series: 58D1H00,Package option: 2-Pack; color: Black,Reliable toner formulation for clear text and sharp business documents,Built-in chip support where applicable for smooth printer recognition,Secure packaging helps protect the cartridge during storage and delivery,published
1037,58d1h00-high-yield-black-toner-cartridge-b0f8q516js,ANGFAN 58D1H00 High-Yield Black Toner Cartridge,ANGFAN,Electronic Products,AF-B0F8Q516JS,B0F8Q516JS,$0.00,2026/6/18,LUWANJUN,https://images-na.ssl-images-amazon.com/images/P/B0F8Q516JS.01._SL500_.jpg,https://images-na.ssl-images-amazon.com/images/P/B0F8Q516JS.01._SL500_.jpg|https://images-na.ssl-images-amazon.com/images/P/B0F8Q516JS.02._SL500_.jpg|https://images-na.ssl-images-amazon.com/images/P/B0F8Q516JS.03._SL500_.jpg|https://images-na.ssl-images-amazon.com/images/P/B0F8Q516JS.04._SL500_.jpg,Compatible model series: 58D1H00,Package option: 1-Pack; color: Black,Reliable toner formulation for clear text and sharp business documents,Built-in chip support where applicable for smooth printer recognition,Secure packaging helps protect the cartridge during storage and delivery,published
1038,58d1h00-high-yield-black-toner-cartridge-b0ds4yn62l,ANGFAN 58D1H00 High-Yield Black Toner Cartridge,ANGFAN,Electronic Products,AF-B0DS4YN62L,B0DS4YN62L,$0.00,2026/6/18,LUWANJUN,https://images-na.ssl-images-amazon.com/images/P/B0DS4YN62L.01._SL500_.jpg,https://images-na.ssl-images-amazon.com/images/P/B0DS4YN62L.01._SL500_.jpg|https://images-na.ssl-images-amazon.com/images/P/B0DS4YN62L.02._SL500_.jpg|https://images-na.ssl-images-amazon.com/images/P/B0DS4YN62L.03._SL500_.jpg|https://images-na.ssl-images-amazon.com/images/P/B0DS4YN62L.04._SL500_.jpg,Compatible model series: 58D1H00,Package option: 1-Pack; color: Black,Reliable toner formulation for clear text and sharp business documents,Built-in chip support where applicable for smooth printer recognition,Secure packaging helps protect the cartridge during storage and delivery,published
1039,58d1h00-high-yield-black-toner-cartridge-b0dpzw9vdg,ANGFAN 58D1H00 High-Yield Black Toner Cartridge,ANGFAN,Electronic Products,AF-B0DPZW9VDG,B0DPZW9VDG,$0.00,2026/6/18,LUWANJUN,https://images-na.ssl-images-amazon.com/images/P/B0DPZW9VDG.01._SL500_.jpg,https://images-na.ssl-images-amazon.com/images/P/B0DPZW9VDG.01._SL500_.jpg|https://images-na.ssl-images-amazon.com/images/P/B0DPZW9VDG.02._SL500_.jpg|https://images-na.ssl-images-amazon.com/images/P/B0DPZW9VDG.03._SL500_.jpg|https://images-na.ssl-images-amazon.com/images/P/B0DPZW9VDG.04._SL500_.jpg,Compatible model series: 58D1H00,Package option: 1-Pack; color: Black,Reliable toner formulation for clear text and sharp business documents,Built-in chip support where applicable for smooth printer recognition,Secure packaging helps protect the cartridge during storage and delivery,published
1040,58d1h00-high-yield-black-toner-cartridge-b0f3bzfb8h,ANGFAN 58D1H00 High-Yield Black Toner Cartridge,ANGFAN,Electronic Products,AF-B0F3BZFB8H,B0F3BZFB8H,$0.00,2026/6/18,LUWANJUN,https://images-na.ssl-images-amazon.com/images/P/B0F3BZFB8H.01._SL500_.jpg,https://images-na.ssl-images-amazon.com/images/P/B0F3BZFB8H.01._SL500_.jpg|https://images-na.ssl-images-amazon.com/images/P/B0F3BZFB8H.02._SL500_.jpg|https://images-na.ssl-images-amazon.com/images/P/B0F3BZFB8H.03._SL500_.jpg|https://images-na.ssl-images-amazon.com/images/P/B0F3BZFB8H.04._SL500_.jpg,Compatible model series: 58D1H00,Package option: 1-Pack; color: Black,Reliable toner formulation for clear text and sharp business documents,Built-in chip support where applicable for smooth printer recognition,Secure packaging helps protect the cartridge during storage and delivery,published
1041,58d1h00-high-yield-black-toner-cartridge-b0dq4yy32w,ANGFAN 58D1H00 High-Yield Black Toner Cartridge,ANGFAN,Electronic Products,AF-B0DQ4YY32W,B0DQ4YY32W,$0.00,2026/6/18,LUWANJUN,https://images-na.ssl-images-amazon.com/images/P/B0DQ4YY32W.01._SL500_.jpg,https://images-na.ssl-images-amazon.com/images/P/B0DQ4YY32W.01._SL500_.jpg|https://images-na.ssl-images-amazon.com/images/P/B0DQ4YY32W.02._SL500_.jpg|https://images-na.ssl-images-amazon.com/images/P/B0DQ4YY32W.03._SL500_.jpg|https://images-na.ssl-images-amazon.com/images/P/B0DQ4YY32W.04._SL500_.jpg,Compatible model series: 58D1H00,Package option: 1-Pack; color: Black,Reliable toner formulation for clear text and sharp business documents,Built-in chip support where applicable for smooth printer recognition,Secure packaging helps protect the cartridge during storage and delivery,published
1042,66s1000-black-toner-cartridge-b0fb3jfx81,ANGFAN 66S1000 Black Toner Cartridge,ANGFAN,Electronic Products,AF-B0FB3JFX81,B0FB3JFX81,$0.00,2026/6/18,LUWANJUN,https://images-na.ssl-images-amazon.com/images/P/B0FB3JFX81.01._SL500_.jpg,https://images-na.ssl-images-amazon.com/images/P/B0FB3JFX81.01._SL500_.jpg|https://images-na.ssl-images-amazon.com/images/P/B0FB3JFX81.02._SL500_.jpg|https://images-na.ssl-images-amazon.com/images/P/B0FB3JFX81.03._SL500_.jpg|https://images-na.ssl-images-amazon.com/images/P/B0FB3JFX81.04._SL500_.jpg,Compatible model series: 66S1000,Package option: 1-Pack; color: Black,Reliable toner formulation for clear text and sharp business documents,Built-in chip support where applicable for smooth printer recognition,Secure packaging helps protect the cartridge during storage and delivery,published
1043,66s1h00-high-yield-black-toner-cartridge-b0fb3kbzrq,ANGFAN 66S1H00 High-Yield Black Toner Cartridge,ANGFAN,Electronic Products,AF-B0FB3KBZRQ,B0FB3KBZRQ,$0.00,2026/6/18,LUWANJUN,https://images-na.ssl-images-amazon.com/images/P/B0FB3KBZRQ.01._SL500_.jpg,https://images-na.ssl-images-amazon.com/images/P/B0FB3KBZRQ.01._SL500_.jpg|https://images-na.ssl-images-amazon.com/images/P/B0FB3KBZRQ.02._SL500_.jpg|https://images-na.ssl-images-amazon.com/images/P/B0FB3KBZRQ.03._SL500_.jpg|https://images-na.ssl-images-amazon.com/images/P/B0FB3KBZRQ.04._SL500_.jpg,Compatible model series: 66S1H00,Package option: 1-Pack; color: Black,Reliable toner formulation for clear text and sharp business documents,Built-in chip support where applicable for smooth printer recognition,Secure packaging helps protect the cartridge during storage and delivery,published
1044,58d1h00-black-toner-cartridge-b0fd9jm7g6,ANGFAN 58D1H00 Black Toner Cartridge,ANGFAN,Electronic Products,AF-B0FD9JM7G6,B0FD9JM7G6,$0.00,2026/6/18,LUWANJUN,https://images-na.ssl-images-amazon.com/images/P/B0FD9JM7G6.01._SL500_.jpg,https://images-na.ssl-images-amazon.com/images/P/B0FD9JM7G6.01._SL500_.jpg|https://images-na.ssl-images-amazon.com/images/P/B0FD9JM7G6.02._SL500_.jpg|https://images-na.ssl-images-amazon.com/images/P/B0FD9JM7G6.03._SL500_.jpg|https://images-na.ssl-images-amazon.com/images/P/B0FD9JM7G6.04._SL500_.jpg,Compatible model series: 58D1H00,Package option: 1-Pack; color: Black,Reliable toner formulation for clear text and sharp business documents,Built-in chip support where applicable for smooth printer recognition,Secure packaging helps protect the cartridge during storage and delivery,published
